chalat@leepattana.com%thikumporn_plo@winner.co.th%recruit@lasikthai.com%tik.pornpun@golderawan.in.th,moodang.patcharaporn@golderawan.in.th%marketing@upperevent.com%marketing@upperevent.com%gue2560@hotmail.com%jobs@jmtnetwork.co.th%hr_ths@hotmail.com,hr_ths@hotmail.com%hr@siam-marco.co.th%sirilux@qualityreport.co.th%surintra@boonthavorn.com%personal@scp.co.th,ruamthaiy@live.com%setech_30@hotmail.com,personal.hr2015@gmail.com%saiparn_1990@hotmail.com,namoiy_154@hotmail.com,bigjibbb@hotmail.com%hr@shinsenichiba.com%perfectum.asia@gmail.com%kwan-rama3@outlook.co.th%hr1@yushi.co.th,hr@yushi.co.th%recruit@alla.co.th,patchaya@alla.co.th%tidarin@vastmm.com%parichad.ph@apexplastech.com%benjapornl@yahoo.com,benjapornyui@gmail.com%prapaphan.jenaavanich@anextour.com%tmc.hr22@gmail.com%hr@apiwanichcreation.com%bcadata3@gmail.com,bcadata3@gmail.com%hr@proplugin.com,hr@proplugin.com%src8@tpcrecruit.com%recruit@thaifintech.co.th%BKK-HR-Thailand@agility.com,BKK-HR-Thailand@agility.com%mattikaair@gmail.com%kunyapatv@acsservicing.co.th%recruit_ho@zebra-head.com,recruit_ry@zebra-head.com%piyarat_pal@malachi.co.th%bunarainrit@bigc.co.th,bunarainrit@bigc.co.th,jotrisorn@bigc.co.th%eakapon@genterprise.co.th,anirut_hr@genterprise.co.th%recruit@thairunggroup.co.th,recruit@thairunggroup.co.th%u-ser@unitedglobe.co.th%wichian@fs.co.th,human@foursystems.co.th,wichian@fs.co.th%wichian@fs.co.th,human@foursystems.co.th,wichian@fs.co.th%phonpawi@2nktrading.com,nonfocus@2nktrading.com,kae@2nktrading.com%sukunyabu@nppf.co.th%thanthip.s@aware.co.th%chutinthorn@maxtex.net,phatnicha@maxtex.net%kanjana.b@aidecoration.com	%recruit@gli.co.th,chayapha.r@gli.co.th%recruit@asiainsurance.co.th%naruemolan@loxley.co.th%recruit@synnex.co.th%petchnaree.hr@gmail.com%hr_kingkong@hotmail.com,HR@kingkonggroupth.com%recruit.tny@gmail.com%yaowaluksem@gosoft.co.th,kwanchathom@gosoft.co.th%personal@hnbinter.com%personal@hnbinter.com%samornrat.c@sangchaigroup.com,narisara.t@sangchaigroup.com,Tiwawan.j@sangchaigroup.com%Juthamas.n@gsc-service.com,Chainarong.c@gsc-service.com,Nurhayatee_j@acap.co.th,Nichkamol_p@acap.co.th%recruit@doikham.co.th%recruit@doikham.co.th%hrdinfo@arunchaiseri.co.th,hrdinfo@arunchaiseri.co.th%hr@ar.co.th,hr@ar.co.th%personnel@bluepin.co.th%saifon.k@testtech.co.th%napapat.c@scpbkk.com%Recruit@skliquor.com%kanyarat@felixlog.co.th%airconnectengineer@gmail.com,phannarai@airconnect-e.com,angsuthon@airconnect-e.com%manaskos@ais.co.th%hrd@adon.co.th%pui.inspiration@gmail.com,wan.inspiration@gmail.com%career_th@dpa.com.sg,LaladaDechtanawajn@dpa.com.sg%acccbfoodtech@yahoo.com%hr@technologymedia.co.th%hr_recruit@simat.co.th%sdesign.hrm@gmail.com,malatee_wee@hotmail.com,hr.sdesign2018@gmail.com%recruitment@mono.co.th%kittipongdumrongprat@gmail.com,kittipongdumrongprat@gmail.com,bobojung6941@gmail.com%recruit@gpxracing.co.th%recruit@gpxracing.co.th%hr.recruitment@thanachart.co.th%hr@champaca.com,hr@champaca.com%jobs@athensthailand.com%mildmevaryu87@gmail.com%jobs.jjmall@gmail.com,jobs.jjmall@gmail.com%jobs@m-focus.co.th,usa@m-focus.co.th%jittada.kitiyamongkol@watthanachet.com,chettawut.tulayaphanich@watthanachet.com,chatchiyaporn@gmail.com%sunipa@pens.co.th,niya@pens.co.th,parunyoo@pens.co.th%purchase@sdds.co.th%hr@cblab.com%yaowarat.r@forthtrack.co.th,yaowarat.r@forthtrack.co.th%hr@efinancethai.com,pairin@efinancethai.com%hr_napaco@yahoo.com%corporate@prolife.co.th%pelangithai@gmail.com,admin_jum@pelangibooks.com%Recruitment.th@siemens.com,recruitment.th@siemens.com%dod.dusit@gmail.com%order@behomeshop.com%recruit@sparsha.net,rattawit.i@sparsha.net,buaphan@sparsha.net%Patcharaporn_J@asiabooks.com%hr@wewebplus.com,sureepon@wewebplus.com%gm.golfacc02@gmail.com,gm.golfacc02@gmail.com%hrtoyotakrungthai@gmail.com,hrtoyotakrungthai@gmail.com,lalada_k@krungthai.co.th%tharitsawan.s@tongthaigroup.com%hrgmmmusic@gmail.com%best@ns.co.th%hr@interlinktelecom.co.th%hrm@mistine.co.th,hrm@mistine.co.th%info@cybernextech.co.th,info@cybernextech.co.th%torphan.k@panna.co.th,thanachart@panna.co.th%prtr@cvimport.cloud,atchara.sr@prtr.com%recruiter@snjinter.com%saroporn@gmail.com%nareumol@satitpattana.ac.th,taweenant@satitpattana.ac.th,supuangthong@satitpattana.ac.th%recruit@mittare.com%jiratt@mazdachonburi.com,penpicha@mazdachonburi.com,panyaporn@mazdachonburi.com%hellopop189@gmail.com%secretaryklongtom@gmail.com,secretaryklongtom@gmail.com,hr-group@hotmail.com%hr@thairentacar.com%pixxor.resume@pixxor.com%hr@kij.co.th%hr@wefitnesssociety.com%hr.1_mika@mika.co.th%hr@tic.co.th%hr@tic.co.th%arpawan@dreamtoy.co.th,phachtakan@dreamtoy.co.th,tanisorn@dreamtoy.co.th%hr1.kumpoon@gmail.com%hr1.kumpoon@gmail.com%hr@vectortrade.co.th%sutee@rbs-design.com,phalath@rbs-design.com,wanthanawan@rbs-design.com,kanittha@rbs-design.com%sutee@rbs-design.com,phalath@rbs-design.com,wanthanawan@rbs-design.com,kanittha@rbs-design.com%personnel@liangchi.co.th,personnel@liangchi.co.th,admin@liangchi.co.th%pratchaya@trdx.co.th%hr@tigergroups.com%Pondthita.s@ncjcall.com,morakot.s@ncjcall.com%hrspc.recruit@specseal.co.th%hrspc.recruit@specseal.co.th%peoplemedia2@gmail.com%contacts@mtrgroup.co.th%hrd@barawindsor.com,piyarat@barawindsor.com,kamonchanok_so@barawindsor.com%peangjai-sri@samcgroup.com,peangjai-sri@samcgroup.com,marketing@samcgroup.com%vannee@bkk.cifservice.com,vannee@bkk.cifservice.com,vanneef@yahoo.com,joycifbkk@gmail.com%hr@sailian.com,hr@sailian.com%Recruitment@fclinic.co.th%ying@dplast.co.th%hr@huskiesbags.com%hrrecruit@familymart.co.th,Weraphong.m@familymart.co.th%attaporn@spewc.com%info@greatcom.co.th%neerajit@cormix.com,neerajit@cormix.com%ploy@alcopopgroup.com%personal@namhenggroup.com,sunai_boo@namhenggroup.com%hr_recruit@sevenup.co.th%apply@orisma.com,apply@orisma.com%hr.progroup@homethaitoday.com%hr@babygiftthailand.com%hr@spbrother.com,muttika.t@spbrother.com,wanwisa.r@spbrother.com%bangkokcode@yahoo.com%Line@,hr@manheim-asia.com,tanyapornk@manheim-asia.com%masaru.shimizu@rize.co.th%suchawadee_som20@hotmail.com%360earthstation@gmail.com%siddhikorn@hotmail.com%karakawat@sumipol.com,tanongsak@sumipol.com%higherprogress168@gmail.com%career@techspace.co.th%waraporn_a@standout.co.th%arnonrattanaphan414@hotmail.com,palin.s@mbethai.com%Tasdaotantan@gmail.com%thitarut@rockrete.co.th,thitarut@rockrete.co.th,bounrak@rockrete.co.th,nutjaree@rockrete.co.th%jobs@expresscarpet.co.th%Sukanya_t@ustarthailand.com%lokball@hotmail.com,ariya_ac@hotmail.com,lokball@hotmail.com%hr.all@healthup.co.th%hr.all@healthup.co.th%hr_bkk@sunpark.ne.jp%Benz_kritsana@hotmail.com%joinbareo@gmail.com%hr@vcanbuy.com%hr@vcanbuy.com%Recruitgroup@tvdirect.tv,kataree_p@tvdirect.tv%career@copperwired.co.th%chonlada@bitsolution.co.th,hr@bitsolution.co.th%hr@ti.co.th%hrjhtthai02@johnsonfitness.com%theurbanproperty.hr@gmail.com%nongnuch.w@siamparagon.co.th%napakaorn.k@preecha.com%tipakorn.k@siamraj.com%hr@tekacon.com,hr@tekacon.com%zj.inspiration@gmail.com%hrmacrophar@gmail.com%hr@monsterconnect.co.th,hr@monsterconnect.co.th%ch_kanokporn@designm-a.com%tawatchai@sunsea.co.th%wanidak@chunbk.com,wanidak@chunbk.com%wanidak@chunbk.com,wanidak@chunbk.com%prapaporn.s@th.issworld.com%secretary@spt.co.th%smartpark@topflight.co.th%medisci.hr@gmail.com,medisci.hr@gmail.com,medisci.md@gmail.com%thawsirecruit@gmail.com%chutchai@papergreen.co.th%recruit@professional.co.th,sinpornphong@professional.co.th%somchai@kcuservices.com%hr@sahaniti-lawac.com%jittima@buddydbroker.co.th,hr@buddydbroker.co.th,Buddydbroker19@gmail.com%hr.dkjgroup@gmail.com,hr.dkjgroup@gmail.com%recruit@mice.co.th%recruitment@osotspa.com%recruitment@osotspa.com%aschara_b@toptier.co.th%hrd@acme-inter.com%modernairmkt@gmail.com%audit.kijwisai@gmail.com%phattarachai23@gmail.com%natticha@ldcdental.com,natticha@ldcdental.com%hrservice.tigersoft@gmail.com%cnp.1689@gmail.com%Training_zaabeli@hotmail.com%chorthiplim@hotmail.com,chorthiplim@hotmail.com%apdgroup.co.th@gmail.com%pittaya.isa@aac.co.th%mkeeratisak@gmail.com%bylamour@gmail.com%marketing@principleasia.com%tammarong@tleasing.co.th,arnona@tleasing.co.th%hr-recruit@oppothai.com%Line@,,Line@,,info@ideaspace.co.th,info@ideaspace.co.th,nirobol.c@ideaspace.co.th%stanapol@venzo.co.th%hr@fur-9.com%hr@ecosealthailand.com,thanawat@ecosealthailand.com%Wiyo@siamsindhorn.com,naruemon@siamsindhorn.com%abook-recruitment@amarin.co.th%plumkamon.du.civicmedia@gmail.com,supanat.na.civicmedia@gmail.com%hr.krungsriauto@krungsri.com%office02@plentycomputer.com%sasivan@electric.co.th,pattasaya@electric.co.th%boongerd.seatung@gmail.com%boongerd.seatung@gmail.com%navarat@nti.co.th%olay4917@gmail.com,olay4917@gmail.com%v77atmost@gmail.com%innovaluehr@gmail.com,innovaluehr@gmail.com%person@bigonegroup.com,person@bigonegroup.com%saythan.ma@prtr.com%hr@topica.asia%takejoke3@gmail.com%rotimataba@gmail.com%thailandsimply@gmail.com%suwannamk2014@gmail.com%recruitment@somapait.com,recruitment@somapait.com%worrawee.w@pttrm.com%Orawan.k@haier.co.th%tidshui@gmail.com%hr.ktcorporation@gmail.com%thameshr88@gmail.com,thames.sb2@gmail.com%hrm@suzukirama2.com,hrm@suzukirama2.com%hr.rutnin18@gmail.com,hr.rutnin18@gmail.com,jiranuwat.la@rutnin.com%bkkhr.th@jtbap.com%winich@insertcomm.com,winicha@gmail.com%thekess81@hotmail.com,lakehousenua@gmail.com%yuwadee.ce2@gmail.com,supannee.ce2@gmail.com,ce2advertising@gmail.com%vtnint@hotmail.com%noppadol_t@sbuyhome.com%ktcrecruit@ktc.co.th%hr@kpt-group.com,hrm@kpt-machinery.com%anpdirector01@gmail.com%annn.urio@gmail.com,chatlhp@hotmail.com%suchada.y@grandeasset.com%hrd@prospersof.com,hrd.prospersof.com@gmail.com%amoreitconsult@gmail.com%sanguantas.hr@gmail.com,av.group3030@gmail.com%hr@mixtchatuchak.com%personnel@rama3honda.com,kaitsuda@rama3honda.com,uraiwan.s@rama3honda.com%cmservicethailand@gmail.com,cmservicethailand@gmail.com%Thedivaofarts@gmail.com%origin.business.003@gmail.com%recruit.thailand@ap.jll.com%udomporn1977@gmail.com,Annchonbua@gmail.com%hr@teamvis-tee.com%karakawat@sumipol.com,somsak@sumipol.com%jeerawan@novimed.co.th%recruit@promphangroup.com,kingotto_777@hotmail.com,manidsara5420@gmail.com%ckyangyon@gmail.com%hr01pohtecktung@gmail.com,hr01pohtecktung@gmail.com,hr.nuttakank@gmail.com%hr@union-button.com,hr_vb@union-button.com,p.pasuw@union-button.com%ratchada@adithai.com,accord.ho@adithai.com,kwan@adithai.com%fortune@fortunesci.com%hr_bkk@plearnwan.com,hr_bk@plearnwan.com%hr@estella-clinic.com,hrestella.estella@gmail.com%macmos-9@hotmail.com,hr@posdisplay.co.th%naphatsorn16@gmail.com,thitiporn.hr.ch@gmail.com%hr@pp-ontime.co.th,hr@pp-ontime.co.th,suphadnan_p@pp-ontime.co.th%hrteam@bunditcenter.com,patcharadanai@bunditcenter.om%hr@karmakamet.co.th%thanyaphat@matwealth.com,thannawatt@matwealth.com,mesa@matwealth.com%kabocha.hr@gmail.com%charus.veclthai@gmail.com,charus.veclthai@gmail.com,charussu@icloud.com,rasarin.swwp@gmail.com%kanyawee.panns@gmail.com,humanresource.panns@gmail.com%hrm@marvelvision.co.th,thanyathorn.bu@marvelvision.co.th%aprime.plus@gmail.com%hr@symphony.net.th,hr@symphony.net.th%wasana.me@maxlink.co.th%jarintorn_jk@hotmail.com%phinthong.f@ari.co.th,hr_recruit@ari.co.th%recruit@twst-group.com%jacklock@windowslive.com%accounting@facent.co.th%yuparin@kstonecorp.co.th%parichat.a@albatross-consulting.net%patcharin@ych.com,yupaporn.sila@ych.com,atchara.c@ych.com%theptarin.personnel@gmail.com%jobs@kidzania.co.th%hr@globalfoodproduct.com,hr.manager@globalfoodproduct.com,hrm@globalfoodproduct.com%hr@wsurgeryhospital.com,hr@wsurgeryhospital.com%hr@knexcorp.com,knexcorp16@gmail.com%ja_thanawat@kmit-group.com,ja_thanawat@kmit-group.com,so_rattanaporn@kmit-group.com,hr_admin@kmit-group.com%@olr8210e,recruit@twz.co.th,recruit@twz.co.th,hr@twz.co.th%human@jintaijewelry.com,pairin@jintaijewelry.com%aek_siri@hotmail.com,aek_siri@hotmail.com%pikulthong@snpfood.com%orchidjobshr06@gmail.com,orchidjobshr06@gmail.com,recruitment@orchidjobs.com%isonbyiseothailand@hotmail.com,isonbyiseothailand@hotmail.com,hr@isonlock.com%sahayong@hotmail.com,pwut2530@gmail.com,jeedru@hotmail.com%hr@fareastmarble.com,lh@fareastmarble.com,nattaya@fareastmarble.com%aukaratchawong.b@bis-group.com,aukaratchawong.b@bis-group.com%@ASNRECRUITMENT,recruit@asnbroker.co.th,aomrak.k@asnbroker.co.th%recruitment.tnp@gmail.com%saristang@gmail.com%personnel@businessplus.co.th,pawinee@businessplus.co.th%personnel@businessplus.co.th,pawinee@businessplus.co.th%prae@successmore.com%hr.hahama114@gmail.com,marioland.payroll@gmail.com%wilawan@p5-management.com%Starmix-hk@hotmail.com,info@starmix-trading.com%hr3@amsbook.com,kitisak@amsbook.com%nannapat@chaiyohosting.com%admin_al@aksorn.com%jobmopara@gmail.com,jobmopara@gmail.com,Minhrmopara@gmail.com%jobmopara@gmail.com,jobmopara@gmail.com,Minhrmopara@gmail.com%hr@alphavet.co.th,natcha.kit@alphavet.co.th%chayangkul@benleymedia.co.th,chalermpol@benleymedia.co.th%hr@peterson1990.com,hr@peterson1990.com%jantana@kanzenthai.com,pailin@kanzenthailand.com,jantana@kanzenthai.com%jantana@kanzenthai.com,pailin@kanzenthailand.com,jantana@kanzenthai.com%thailand_hr@jjsea.com%sathaporn.p@greyhound.co.th,sathaporn.p@greyhound.co.th,sathaporn.p@greyhound.co.th%hr@aqestate.com,ratchanee@aqestate.com%hr@aqestate.com,ratchanee@aqestate.com%hrd@theplatinumgroup.co.th%hrd@theplatinumgroup.co.th%ketsuma@hanazonothailand.com,kanlika.y@hanazonothailand.com%hr@aureus.co.th,prontida@aureus.co.th%hr@aureus.co.th,prontida@aureus.co.th%chaiyapatr@digitalscale.co.th,account@digitalscale.co.th%recruitment@keak.co.th%hrredsunth@gmail.com,hrredsunth@gmail.com,sanit@redsunthailand.com%recruitment@lensowheel.com%pongpat_c@thonglorpet.com,Naruemol_h@thonglorpet.com%kattaleeya_a@toyota-tbn.com,hr_recruitment@toyota.tbn.com%87-759-6543,sales@attitudecom.co.th,hr@attitudecom.co.th,khemaruji.k@attitudecom.co.th,sales@attitudecom.co.th%hr@theoriginalfarm.com,hr2@theoriginalfarm.com%recruit@cdg-group.co.th,matsaya@uppa.co.th,recruit@chanuntorn.com%recruit@cdg-group.co.th,matsaya@uppa.co.th,recruit@chanuntorn.com%recruit@foodxcite.com%recruit@foodxcite.com%budsaya.c@zarinagroup.co.th,thitichaya.w@zarinagroup.co.th%hr@ATcosmetic.co.th%personnel@businessplus.co.th,pawinee@businessplus.co.th%prae@successmore.com%hr.hahama114@gmail.com,marioland.payroll@gmail.com%wilawan@p5-management.com%Starmix-hk@hotmail.com,info@starmix-trading.com%hr3@amsbook.com,kitisak@amsbook.com%nannapat@chaiyohosting.com%admin_al@aksorn.com%jobmopara@gmail.com,jobmopara@gmail.com,Minhrmopara@gmail.com%jobmopara@gmail.com,jobmopara@gmail.com,Minhrmopara@gmail.com%hr@alphavet.co.th,natcha.kit@alphavet.co.th%chayangkul@benleymedia.co.th,chalermpol@benleymedia.co.th%hr@peterson1990.com,hr@peterson1990.com%jantana@kanzenthai.com,pailin@kanzenthailand.com,jantana@kanzenthai.com%jantana@kanzenthai.com,pailin@kanzenthailand.com,jantana@kanzenthai.com%thailand_hr@jjsea.com%sathaporn.p@greyhound.co.th,sathaporn.p@greyhound.co.th,sathaporn.p@greyhound.co.th%hr@aqestate.com,ratchanee@aqestate.com%hr@aqestate.com,ratchanee@aqestate.com%hrd@theplatinumgroup.co.th%hrd@theplatinumgroup.co.th%ketsuma@hanazonothailand.com,kanlika.y@hanazonothailand.com%hr@aureus.co.th,prontida@aureus.co.th%hr@aureus.co.th,prontida@aureus.co.th%chaiyapatr@digitalscale.co.th,account@digitalscale.co.th%recruitment@keak.co.th%hrredsunth@gmail.com,hrredsunth@gmail.com,sanit@redsunthailand.com%recruitment@lensowheel.com%pongpat_c@thonglorpet.com,Naruemol_h@thonglorpet.com%kattaleeya_a@toyota-tbn.com,hr_recruitment@toyota.tbn.com%87-759-6543,sales@attitudecom.co.th,hr@attitudecom.co.th,khemaruji.k@attitudecom.co.th,sales@attitudecom.co.th%hr@theoriginalfarm.com,hr2@theoriginalfarm.com%recruit@cdg-group.co.th,matsaya@uppa.co.th,recruit@chanuntorn.com%recruit@cdg-group.co.th,matsaya@uppa.co.th,recruit@chanuntorn.com%recruit@foodxcite.com%recruit@foodxcite.com%budsaya.c@zarinagroup.co.th,thitichaya.w@zarinagroup.co.th%hr@ATcosmetic.co.th%hrd@kpi.co.th%Recruit@cel.co.th%kasemb66@gmail.com%hrrecruit@CHEETAH.CO.TH%hr@intercrop.co.th%hr@intercrop.co.th%personnel@businessplus.co.th,pawinee@businessplus.co.th%prae@successmore.com%hr.hahama114@gmail.com,marioland.payroll@gmail.com%wilawan@p5-management.com%Starmix-hk@hotmail.com,info@starmix-trading.com%hr3@amsbook.com,kitisak@amsbook.com%nannapat@chaiyohosting.com%admin_al@aksorn.com%jobmopara@gmail.com,jobmopara@gmail.com,Minhrmopara@gmail.com%jobmopara@gmail.com,jobmopara@gmail.com,Minhrmopara@gmail.com%hr@alphavet.co.th,natcha.kit@alphavet.co.th%chayangkul@benleymedia.co.th,chalermpol@benleymedia.co.th%hr@peterson1990.com,hr@peterson1990.com%jantana@kanzenthai.com,pailin@kanzenthailand.com,jantana@kanzenthai.com%jantana@kanzenthai.com,pailin@kanzenthailand.com,jantana@kanzenthai.com%thailand_hr@jjsea.com%sathaporn.p@greyhound.co.th,sathaporn.p@greyhound.co.th,sathaporn.p@greyhound.co.th%hr@aqestate.com,ratchanee@aqestate.com%hr@aqestate.com,ratchanee@aqestate.com%hrd@theplatinumgroup.co.th%hrd@theplatinumgroup.co.th%ketsuma@hanazonothailand.com,kanlika.y@hanazonothailand.com%hr@aureus.co.th,prontida@aureus.co.th%hr@aureus.co.th,prontida@aureus.co.th%chaiyapatr@digitalscale.co.th,account@digitalscale.co.th%recruitment@keak.co.th%hrredsunth@gmail.com,hrredsunth@gmail.com,sanit@redsunthailand.com%recruitment@lensowheel.com%pongpat_c@thonglorpet.com,Naruemol_h@thonglorpet.com%kattaleeya_a@toyota-tbn.com,hr_recruitment@toyota.tbn.com%87-759-6543,sales@attitudecom.co.th,hr@attitudecom.co.th,khemaruji.k@attitudecom.co.th,sales@attitudecom.co.th%hr@theoriginalfarm.com,hr2@theoriginalfarm.com%recruit@cdg-group.co.th,matsaya@uppa.co.th,recruit@chanuntorn.com%recruit@cdg-group.co.th,matsaya@uppa.co.th,recruit@chanuntorn.com%recruit@foodxcite.com%recruit@foodxcite.com%budsaya.c@zarinagroup.co.th,thitichaya.w@zarinagroup.co.th%hr@ATcosmetic.co.th%hrd@kpi.co.th%Recruit@cel.co.th%kasemb66@gmail.com%hrrecruit@CHEETAH.CO.TH%hr@intercrop.co.th%hr@intercrop.co.th%hiring.apgroup@gmail.com%jibhr@hotmail.com%Suphannapong.fg@gmail.com,Bewellinfinity888BW@gmail.com%isara_saengsorn@hotmail.com,hrsushiden@outlook.co.th,isara_saengsorn@hotmail.com%ratchaporn@wilnetc.com,ratchaporn@wilnetc.com%recruit@siphhospital.com,waraporn.kl@siphhospital.com%thanatpong@inclovery.com,thanatpong@inclovery.com,account@inclovery.com%hr@planteksilmet.com%kanokphorn.j@amedgroup.co.th,kanokphorn.j@amedgroup.co.th%:nichakan.ch@eastern-groups.com,nichakan.ch@eastern-groups.com%nisit.w@mop-bm.com,parnmongkol.r@mopbm.com%SRW.AP@HOTMAIL.COM%navarat@nti.co.th%olay4917@gmail.com,olay4917@gmail.com%v77atmost@gmail.com%innovaluehr@gmail.com,innovaluehr@gmail.com%person@bigonegroup.com,person@bigonegroup.com%saythan.ma@prtr.com%hr@topica.asia%takejoke3@gmail.com%rotimataba@gmail.com%thailandsimply@gmail.com%suwannamk2014@gmail.com%recruitment@somapait.com,recruitment@somapait.com%worrawee.w@pttrm.com%Orawan.k@haier.co.th%tidshui@gmail.com%hr.ktcorporation@gmail.com%thameshr88@gmail.com,thames.sb2@gmail.com%hrm@suzukirama2.com,hrm@suzukirama2.com%hr.rutnin18@gmail.com,hr.rutnin18@gmail.com,jiranuwat.la@rutnin.com%bkkhr.th@jtbap.com%winich@insertcomm.com,winicha@gmail.com%thekess81@hotmail.com,lakehousenua@gmail.com%yuwadee.ce2@gmail.com,supannee.ce2@gmail.com,ce2advertising@gmail.com%vtnint@hotmail.com%noppadol_t@sbuyhome.com%ktcrecruit@ktc.co.th%hr@kpt-group.com,hrm@kpt-machinery.com%anpdirector01@gmail.com%annn.urio@gmail.com,chatlhp@hotmail.com%suchada.y@grandeasset.com%hrd@prospersof.com,hrd.prospersof.com@gmail.com%amoreitconsult@gmail.com%sanguantas.hr@gmail.com,av.group3030@gmail.com%hr@mixtchatuchak.com%HR@NEIGHBOR.CO.TH%usejack@hotmail.com,usejack@hotmail.com%dmpbkk2559@gmail.com%Recruitment-Retail@th.tesco.com,jedsada.pimsomdaeng@tesco.com%hr@km-chemical.co.th%hrmanager@dentajoy.com,recruit@dentajoy.com%hr@palawatr.co.th,asama@palawatr.co.th%jaisirimongkol@gmail.com%magnate@siamintm.com%paisitbig@hotmail.com,chocolatef@gmail.com%ad@cal-laboratory.com%:hrclinic.th@hotmail.com,hrclinic.th@hotmail.com%romchatyamlaor@gmail.com%visarn30300@gmail.com,wisarn30300@hotmail.com%hr.nutrition@nutritionprofess.com%hr@sfree.co.th%nopachat@yahoo.com%sagami_central_world@sagami.co.jp,bangkok@sagami.co.th,thonglo.sagami@gmail.com%hr.cts60@gmail.com%apichat.ford@hotmail.com%recruit.suninter@gmail.com%hr@centrichotel.com,hrm@centrichotel.com%@bdb0328q,@bdb0328q,@bdb0328q,hr_bvk@hotmail.com%kizventure@gmail.com%nutcha_che@hotmail.com,admin@bnctooling.com%nutcha_che@hotmail.com,admin@bnctooling.com%hr_dep@pongsilpplastic.com%jirachayajew@gmail.com%hr@toyotabuzz.com%hr@summitwindmillgolfclub.com%thanadon@thaitanyainterfood.com,recruit@thaitanya.com%sc@di-th.com,sm@di-th.com%puvanart.j@masterpiecehospital.com,hr.recruitment@masterpiecehospital.com,hr.benefits@masterpiecehospital.com%suksan.s@leongjin.co.th,porntip.c@leongjin.co.th%suksan.s@leongjin.co.th,porntip.c@leongjin.co.th%recruit@sti.co.th%surattana@personnelconsultant.co.th%hr@thaiace.co.th%to25advertising_hr@yahoo.com%duangjai.wut@krungdhepsophon.com,pranisara.pho@krungdhepsophon.com,sukanya.p@krungdhepsophon.com%recruit@1577.co.th,wasinl@mindedge.co.th%kunghr60@gmail.com,kaiko_t@hotmail.com%hr.tte@hotmail.com</span></b></span></p>%hr@since24.com%valunyoou@raksthai.org%aditep@nccs.co.th,siriarpar@nccs.co.th,saowarat@nccs.co.th%ebio.thailand@gmail.com,ammynew@gmail.com%chananthida.t@montriproperty.com,chatyada.k@montriproperty.com,chananthida.t@montriproperty.com%hr.ssps@smile-siam.com,choosak@smile-siam.com%recruitment@dittothailand.com%recruitment@dittothailand.com%jandwcoth@hotmail.com%hataichanok79@gmail.com,human.officerama3@gmail.com,jrn.jongsa@gmail.com,thathanoi17@gmail.com,somnuek.boonsom@gmail.com%siam.ssc@gmail.com%sahasilp.hr106@gmail.com%rangsiman.j@dsignage.co.th%a%romchatyamlaor@gmail.com,romchatyamlaor@gmail.com%romchatyamlaor@gmail.com,romchatyamlaor@gmail.com%visarn30300@gmail.com,visarn30300@gmail.com,wisarn30300@hotmail.com%visarn30300@gmail.com,visarn30300@gmail.com,wisarn30300@hotmail.com%visarn30300@gmail.com,visarn30300@gmail.com,wisarn30300@hotmail.com%hr.nutrition@nutritionprofess.com,hr.nutrition@nutritionprofess.com%hr.nutrition@nutritionprofess.com,hr.nutrition@nutritionprofess.com%hr.nutrition@nutritionprofess.com,hr.nutrition@nutritionprofess.com%hr@sfree.co.th,hr@sfree.co.th%hr@sfree.co.th,hr@sfree.co.th%hr@sfree.co.th,hr@sfree.co.th%nopachat@yahoo.com,nopachat@yahoo.com%gview@hualian.co.th%thaipattern@gmail.com%erosclinic14@gmail.com%13520880619@163.com,csceczhang001@gmail.com%hr@flexiplan.co.th%yoonwanchai@gmail.com%hr-tmcabc@teleinfomedia.co.th,hr-tmcabc@teleinfomedia.co.th%hr@tsmgroup.co.th%phattrachit.n@benzprimus.com%ppg_co@yahoo.com%echoex10.hr@gmail.com,echoex10.hr@gmail.com%ranger@ranger1992.com%hr@d-conceit.com%bat789879@gmail.com,bat789879@gmail.com%jobs@goldfinemfg.com,jobs@goldfinemfg.com,admin_mgr@goldfinemfg.com%Info@gohair.co.th,Info@gohair.co.th,hr.gohair@gmail.com%ait.sarojs@gmail.com%thaisiam.office@gmail.com%acc@12go.asia,tai@12go.asia%hr@sombattour.com%karunkron.t@gpautoparts.co.th,karunkron.t@gpautoparts.co.th%landco_hr@yahoo.com%prachanan.p@ieconsult.co%worawit.t@wineconnection.com,worawit.t@wineconnection.com,jutarat.t@wineconnection.com,phatcharaphasit.c@wineconnection.com%personal@similantechnology.com%admin_recruitment@boss-groups.com,outsource4@boss-groups.com%Taraporn.Neterung@chubb.com,Thanatsorn.Eakutchariya@Chubb.com,jaranya.porncharoen@chubb.com%%jurairat.lao@idirectbroker.com%hr_toyotathonburi@hotmail.com%sorasak.9666@gmail.com,sorasak.9666@gmail.com,sumup.human@gmail.com%hr@pps.co.th%kitsanas@sbptimbergroup.com,suthidas@sbptimbergroup.com%a%europa.personal@gmail.com%hr@wuerth.co.th,hr@wuerth.co.th%hradmin@kanokproduct.com%hr@wefitnesssociety.com%hr-recruit@MACeducation.com%hr@envisionthailand.com%luntom.ccp@gmail.com,siammeat@hotmail.com%luntom.ccp@gmail.com,siammeat@hotmail.com%info@kcplacebangkok.com%admin@rt-supply.com%unitygreatfood@gmail.com%kingwin_1999@hotmail.com%seksant@bhatarapro.com,viboonsri@bhatarapro.com%hr.ssrkids@gmail.com,hr.ssrkids@gmail.com%tippawan.inpacpharma@gmail.com%Line@,hr@neosuki.com%hr.webythebrain@gmail.com%hr.webythebrain@gmail.com%kpcon.hr@hotmail.co.th,hrm.kpcon@gmail.com%info@iyarawanich.com%anong@udom.co.th%Waraporn_Sut@truecorp.co.th,Jutamad_Boo@truecorp.co.th%hr-sup@tshp.co.th,recruitment@tshp.co.th%hr@chumroenmedical.com%HR_tspapertube@hotmail.com%samcon.info@gmail.com%recruitment@nissan.co.th,chanwit.ket@nissan.co.th%chid_bo@ponthaicorp.com,tongcha_ch@ponthaicorp.com%chid_bo@ponthaicorp.com,tongcha_ch@ponthaicorp.com%nichapat@novagroups.com,kamonchanok.k@novagroups.com,Kulatorn.d@novagroups.com%nichapat@novagroups.com,kamonchanok.k@novagroups.com,Kulatorn.d@novagroups.com%hr@siamnakajimasuisan.co.th,recurit@siamnakajimasuisan.co.th,siamnakajima.coffice@gmail.com,siamnakajima.office@gmail.com%nuttamon@trinity.ac.th,angkana@trinity.ac.th,thanat@trinity.ac.th%hr@bmw-germanauto.com,rattanakorn.chunchalad@bmw-germanauto.com%hrod.svt@galaxy.co.th,hr.galaxyplace@gmail.com%hrd@th.covenant.co.th,hr1@covenant.co.th,hrm@covenant.co.th%admin2@lls-th.com%recruit@smc.in.th%domindominhr@gmail.com%recruit.hoshi@gmail.com,tzar.today@gmail.com%a%sansiri-cv@cvimport.cloud,ChutimaS@sansiri.com%hr@kaiserbiz.com%hr.recruitment@bonnyinter.com%HREST1933@gmail.com,hrest1933@gmail.com%decha.nakhonharn@lucite.com%hr_mitsu-nw@vgroupcars.com%hr@skrinter.com,hr@ks-groups.com%ruenpetch1968@gmail.com,somboon9@yahoo.com%hrkanom@gmail.com%hr@koosonline.com,natthapon.hrod@gmail.com%recruit@phc.co.th,pitchapa@phc.co.th,pitchapa@phc.co.th,recruit@phc.co.th%WARATTAYAK@VERASU.COM%hrm@chefmangroup.com,hr.recruit@chefmangroup.com%webmaster@dhakulchan.com%kiatkamol@mcorp.in.th,kiatkamol@mcorp.in.th%btanakorn@yahoo.fr%sirinapa.c@siamparkcity.com,tatcha.i@siamparkcity.com%personnel_bmpharmacy@hotmail.com%nachita@naturalplace.co.th,danutarawi14@gmail.com%panfun456@gmail.com%job@smeshipping.com%@,www.hr@nextathai.com%info@misushita-electric.com,hrscaner.1996@gmail.com%info@misushita-electric.com,hrscaner.1996@gmail.com%hr@cc-content.co.th%hr@app-bit.com%hr@energymobile.net%wecarecoat@hotmail.com%hr@kannithi.com%pinthong.hr@gmail.com,pmc.recruithr@gmail.com%pinthong.hr@gmail.com,pmc.recruithr@gmail.com%aukaratchawong.b@bis-group.com%Info-hr@goldstarmetal.com%panuwit.ch@prtr.com,Jobprtr@prtr.com%hr@speedcom.co.th%robust.si@hotmail.com,pakin@robustsolutions.co.th%hr@farmprotection.com,hrfarmprotection@gmail.com%jobs@codeorange.co.th%acc@polymer-master.com%acc1@siamfresh.com%likeorder.th@gmail.com%chommanat.cw@penagroup.com%chommanat.cw@penagroup.com%chalis.v.gg@gmail.com%hr.worldtractor@gmail.com,hr.worldtractor@gmail.com%leeeva198819@gmail.com%piya.t@minisothai.com,minisohr@minisothai.com%mediawecan@yahoo.com,pheerasak.B@mediawecan.com%a_nopparat39@hotmail.com%chanakarnl@filtervision-thai.com,thanapat@filtervision-thai.com,dowsiria@filtervision-thai.com%personnel@amena-air.com,sumitra@amena-air.com,marisa_bu@amena-air.com%hreatamare@gmail.com,recruiteatamare@gmail.com%hreatamare@gmail.com,recruiteatamare@gmail.com%hr_dept@pbl-thailand.com,hrpbl02@gmail.com%acharee@2-spot.com%bulin@waterlibrary.com,padcharee@waterlibrary.com%hrm.trc@gmail.com%jobs@clicknext.co.th%personal@fbtsports.com%


