hrgroup@tarad.com,patcharawan@tarad.com%hrinfo@vpadvance.com%hrm@ctw-inter.com%hrm@pantip.com%hrm@tsapdd.net%hrm2@amc.co.th%hrpico@picothai.com%HRrecruit@ssi-steel.com%hr@inox.in.th%info@godzilist.com%info.th@nexus-sr.com%info.wellform@wellform.cc%info@avs.co.th,yuwadee@avs.co.th%info@bo-buy.com%info@bol.co.th%info@dotproperty.co.th%info@epsilonsolution.com%info@escapadetechnologies.com%info@happycard.io%info@ideaboy.co.th,itsara@ideaboy.co.th%info@inspireventures.com%info@intelligenttrading.org,tom@intelligenttrading.org%info@jtexpress.co.th%info@kinkao.co%info@klickerlab.com%info@komodostudio.co.th%info@liveup.cc%info@medesignandi.com%info@ngaai.com%info@niceloop.com%info@nsasia.co.th,sales@nsasia.co.th,support@nsasia.co.th%info@persec.co.th%info@phukethospital.com%info@pinacono.com%info@potioneer.com%info@proactive-marketing.solutions%info@s-next.co%info@safecoms.com%info@spunkydigital.com,tim@spunkydigital.com%info@suvitech.com%info@webster.co.th%INFO@yushanventures.com%info@yusp.com%iphong@yellotalk.co%it_recruitment@thinknet.co.th%it-recruit@ancileo.com%it@siamwellnessgroup.com%jakkrit.tim@ntb.co.th%janjira@home.co.th%janpen.jo@princhealth.com%jantima@thailandintertrades.com,poomrath@thailandintertrades.com%HR2@outsourcingfactory.co.th%jeeranuch.c@asiaglobaltracking.com%jingtian@bigo.tv%job@codecube.co.th,kritchatach@codecube.co.th%job@livingmobile.me%job@longtunman.com%job@motionx.studio%Job@smartcom.co.th%job@vg-industrial.com%jobapply@ie.co.th%jobs-avalant@avalant.co.th,mkt-avalant@avalant.co.th,noparat-avalant@avalant.co.th%jobs@blockchainlabs.ai%jobs@buzzwoo.de%jobs@cookly.me,sandra@cookly.me%jobs@imotif.io%jobs@inteltion.com%jobs@mark8.co%jobs@one2crowd.com%jobs@pupil-labs.com%jobs@refactorprime.com%jobs@tdsoftware.co.th%jobs@tedinnovation.co%jobs@voovagroup.com%joee.hoo@tribehired.com,pawanee@tribehired.com,suvipa@tribehired.com%joinus@noburo.co%joseph@7peakssoftware.com%info@joskglobal.com%juthamanee.kumlangphon@modis.com%Kamonporn.T@samtel.com%kanchaporn.p@thairath.co.th%achr@siamdk.co.th%kannathakorn@lavapm.com%kanyakrit@udrinkidrive.com%kavisara.p@codium.co,contact@codium.co%kheahathai.s@p49tech.com%kp@20scoops.net%kitsanas@sbp.co.th,marketp@sbp.co.th%kitsanas@sbptimbergroup.com,suthidas@sbptimbergroup.com%Kittinan.k@tspacedigital.com%kittisak.w@enworld.com%kongpopn@siamcompressor.com,recruitment@siamcompressor.com%korya@mahajak.com,Lalita@mahajak.com,recruitment@mahajak.com%krissanin@emsoutsourcing.com%krittin.t@sharmble.com%kulsiri@bluesystem.co.th%Kuson@imcthai.com%kwang@liclass.com%lay@panthera-group.com%maarten@30secondstofly.com,jobs@30secondstofly.com%malinee@pccth.com,saknarng@pccth.com%manoje@papapy.co%maria_karras@mail.com%Marketing@fscornstarch.com%marketing@livinginsider.com%marketing@springasia.com%info@nldplc.com%talent@myworkpapers.com%nagaraj.prasadh@polarisft.com%narumol@tr1.co.th%natkamol@itresources.co.th,sitanun@itresources.co.th%hr@creativeme.co.th%nattapong@comseven.com,nunnaphat.r@comseven.com%nattawut.s@azay.co.th%Natthapatch@hybridbold.com%natthawan@iconframework.com%natthawuth@carro.co,recruit@carro.co%natthita.k@kasikornleasing.com%info@nextgensoft.co.th%nini@impressius.com,vorachet@impressius.com%nipapornm@chemlabgroup.com%no@nowebsite.com%nongnuch@tellscore.com,nuanpan@tellscore.com%nopchaluk.u@hiveground.com%nopparat@c-point.co.th%noucharin@wintel.co.th%noung_hr@yahoo.co.th%nuch@rhino-research.com%nuttapolk@smoothlane.com%nutthanun@semantictouch.com%onuma.r@chokchaipibul.co.th%ops@wecare.asia%P.Yunrungsee@koi-cds.com%paisan.t@synergiaone.com%panupong@arrowpipe.com%parinya.umn@bualuang.co.th%parittapon@forth.co.th,recruit@forth.co.th%patcharadanai@bunditcenter.om%patcharaporn@t2pco.com%patharawadee.petkhe@sdcl.co.th%patima.poewong@krungsri.com%pattamavadee@meath.co.th%pattanapong@netsoftinnovation.com%paweena@ecnet.com%peopleoperation@ert.co.th%phailin.m@symmetricsoft.com%phichitta.h59@rsu.ac.th%info@smartsoftasia.com%phoonsupk@siambioscience.com%phunrada@luxury-concept.com%piers@ardentcapital.com%pittipol@gurusquare.com%piyamaporn.k@iphouses.com%piyamaporn@ismtech.net,Rossarin@ismtech.net%pl19@acecondigital.com%pond@hexagonlabs.co%pongsak@rebatemango.com%pongsak@sala-daeng.com%pornchai@thinking.co.th%pornpun@mono.co.th,Recruitment@mono.co.th%Pornpun@callvoice.co.th%pornput@riskcope.com%porntip@ookbee.com%prachanan.p@ieconsult.co%prachern@rs.co.th%hr@drivehub.co%prae@successmore.com,supakon@successmore.com%pranab_choudhury@mahindrasatyam.com%pranote.p@orioninfotech.co.th%hr@magnus-group.org%putitorn.w@samtel.samartcorp.com%putti@nsquared.asia%rachadaporn@mfec.co.th,uraporn@mfec.co.th%rain@donglimeng.co.kr%randeep@saitechsolution.com%recruit-ll@cpram.co.th%recruit.aop_it@essilor.co.th%recruit@baania.com%recruit@dcs.premier.co.th%recruit@dhas.com,wipawine_k@dhas.com%recruit@fmsconsult.com,Kwanchat@fmsconsult.com%recruit@hafele.co.th%recruit@iamconsulting.co.th%Recruit@jasmine.com%recruit@locus.co.th%recruit@mcp.meap.com%recruit@neversitup.com%recruit@pandasoft.co.th%Recruit@vstecs.co.th%recruit@wpp.co.th%recruit1@grpasc.com,Recruit2@grpasc.com,sudtida.s@grpasc.com%recruiting@viquagames.com%Recruitment-B@kfd.co.th,Recruitment@kfd.co.th%recruitment.ctr@bbl.co.th%hr@locus.co.th%info@opendream.co.th%sale.paysolutions@efrainc.com%dec@harn.co.th%crm@thaihealth.co.th,care@thaihealth.co.th%	iecm@iecm.co.th%international@yingkelawyer.com%jobs@csloxinfo.net%hr@wiik-hoeglund.com