navarat@nti.co.th%olay4917@gmail.com%v77atmost@gmail.com%thailandsimply@gmail.com%anpdirector01@gmail.com%Thedivaofarts@gmail.com%panfun456@gmail.com%chalis.v.gg@gmail.com%hrm.trc@gmail.com%jaisirimongkol@gmail.com%hr.cts60@gmail.com%kizventure@gmail.com%thaipattern@gmail.com%ait.sarojs@gmail.com%unitygreatfood@gmail.com%hr.webythebrain@gmail.com%rotimataba@gmail.com%hr.ktcorporation@gmail.com%erosclinic14@gmail.com%thameshr88@gmail.com%hr.rutnin18@gmail.com%winicha@gmail.com%lakehousenua@gmail.com%supannee.ce2@gmail.com%annn.urio@gmail.com%hrd.prospersof.com@gmail.com%av.group3030@gmail.com%cmservicethailand@gmail.com%HREST1933@gmail.com%ruenpetch1968@gmail.com%natthapon.hrod@gmail.com%danutarawi14@gmail.com%hrscaner.1996@gmail.com%pinthong.hr@gmail.com%hrfarmprotection@gmail.com%hr.worldtractor@gmail.com%hreatamare@gmail.com%hrpbl02@gmail.com%chocolatef@gmail.com%visarn30300@gmail.com%thonglo.sagami@gmail.com%kunghr60@gmail.com%csceczhang001@gmail.com%echoex10.hr@gmail.com%bat789879@gmail.com%hr.gohair@gmail.com%luntom.ccp@gmail.com%hr.ssrkids@gmail.com%hrm.kpcon@gmail.com%takejoke3@gmail.com%tidshui@gmail.com%hrkanom@gmail.com%leeeva198819@gmail.com%romchatyamlaor@gmail.com%jirachayajew@gmail.com%europa.personal@gmail.com%innovaluehr@gmail.com%suwannamk2014@gmail.com%thaisiam.office@gmail.com%thames.sb2@gmail.com%yuwadee.ce2@gmail.com%sanguantas.hr@gmail.com%hrest1933@gmail.com%pmc.recruithr@gmail.com%recruiteatamare@gmail.com%amoreitconsult@gmail.com%likeorder.th@gmail.com%recruit.suninter@gmail.com%tippawan.inpacpharma@gmail.com%origin.business.003@gmail.com%ce2advertising@gmail.com%dmpbkk2559@gmail.com%yoonwanchai@gmail.com%person@bigonegroup.com%saythan.ma@prtr.com,panuwit.ch@prtr.com%hr@topica.asia%recruitment@somapait.com%worrawee.w@pttrm.com%Orawan.k@haier.co.th%hrm@suzukirama2.com%jiranuwat.la@rutnin.com%bkkhr.th@jtbap.com%winich@insertcomm.com%thekess81@hotmail.com%vtnint@hotmail.com%wecarecoat@hotmail.com%apichat.ford@hotmail.com%chatlhp@hotmail.com%robust.si@hotmail.com%usejack@hotmail.com%paisitbig@hotmail.com%:hrclinic.th@hotmail.com%wisarn30300@hotmail.com%hr_bvk@hotmail.com%kaiko_t@hotmail.com%siammeat@hotmail.com%personnel_bmpharmacy@hotmail.com%a_nopparat39@hotmail.com%hrclinic.th@hotmail.com%nutcha_che@hotmail.com%kingwin_1999@hotmail.com%noppadol_t@sbuyhome.com%ktcrecruit@ktc.co.th%hr@kpt-group.com%hrm@kpt-machinery.com%suchada.y@grandeasset.com%hrd@prospersof.com%hr@mixtchatuchak.com%personnel@rama3honda.com,kaitsuda@rama3honda.com%uraiwan.s@rama3honda.com%sansiri-cv@cvimport.cloud%ChutimaS@sansiri.com%hr@kaiserbiz.com%hr.recruitment@bonnyinter.com%decha.nakhonharn@lucite.com%hr_mitsu-nw@vgroupcars.com%hr@skrinter.com%hr@ks-groups.com%somboon9@yahoo.com%mediawecan@yahoo.com%nopachat@yahoo.com%ppg_co@yahoo.com%hr@koosonline.com%recruit@phc.co.th,pitchapa@phc.co.th%WARATTAYAK@VERASU.COM%hrm@chefmangroup.com,hr.recruit@chefmangroup.com%webmaster@dhakulchan.com%kiatkamol@mcorp.in.th%btanakorn@yahoo.fr%sirinapa.c@siamparkcity.com,tatcha.i@siamparkcity.com%nachita@naturalplace.co.th%job@smeshipping.com%hr@nextathai.com%info@misushita-electric.com%hr@cc-content.co.th%hr@app-bit.com%hr@energymobile.net%hr@kannithi.com%aukaratchawong.b@bis-group.com%Info-hr@goldstarmetal.com%Jobprtr@prtr.com%hr@speedcom.co.th%pakin@robustsolutions.co.th%hr@farmprotection.com%jobs@codeorange.co.th%acc@polymer-master.com%acc1@siamfresh.com%chommanat.cw@penagroup.com%piya.t@minisothai.com,minisohr@minisothai.com%pheerasak.B@mediawecan.com%chanakarnl@filtervision-thai.com,thanapat@filtervision-thai.com%dowsiria@filtervision-thai.com%personnel@amena-air.com,sumitra@amena-air.com%marisa_bu@amena-air.com%hr_dept@pbl-thailand.com%acharee@2-spot.com%bulin@waterlibrary.com,padcharee@waterlibrary.com%jobs@clicknext.co.th%personal@fbtsports.com%HR@NEIGHBOR.CO.TH%Recruitment-Retail@th.tesco.com%jedsada.pimsomdaeng@tesco.com%hr@km-chemical.co.th%hrmanager@dentajoy.com,recruit@dentajoy.com%hr@palawatr.co.th,asama@palawatr.co.th%magnate@siamintm.com%ad@cal-laboratory.com%hr.nutrition@nutritionprofess.com%hr@sfree.co.th%to25advertising_hr@yahoo.com%sagami_central_world@sagami.co.jp%bangkok@sagami.co.th%hr@centrichotel.com,hrm@centrichotel.com%@bdb0328q%admin@bnctooling.com%hr_dep@pongsilpplastic.com%hr@toyotabuzz.com%hr@summitwindmillgolfclub.com%thanadon@thaitanyainterfood.com%recruit@thaitanya.com%sc@di-th.com,sm@di-th.com%puvanart.j@masterpiecehospital.com,hr.recruitment@masterpiecehospital.com%hr.benefits@masterpiecehospital.com%suksan.s@leongjin.co.th,porntip.c@leongjin.co.th%recruit@sti.co.th%surattana@personnelconsultant.co.th%hr@thaiace.co.th%duangjai.wut@krungdhepsophon.com,pranisara.pho@krungdhepsophon.com%sukanya.p@krungdhepsophon.com%recruit@1577.co.th%wasinl@mindedge.co.th%gview@hualian.co.th%13520880619@163.com%hr@flexiplan.co.th%hr-tmcabc@teleinfomedia.co.th%hr@tsmgroup.co.th%phattrachit.n@benzprimus.com%ranger@ranger1992.com%hr@d-conceit.com%jobs@goldfinemfg.com,admin_mgr@goldfinemfg.com%Info@gohair.co.th%acc@12go.asia,tai@12go.asia%hr@sombattour.com%karunkron.t@gpautoparts.co.th%hr@wuerth.co.th%hradmin@kanokproduct.com%hr@wefitnesssociety.com%hr-recruit@MACeducation.com%hr@envisionthailand.com%info@kcplacebangkok.com%admin@rt-supply.com%seksant@bhatarapro.com,viboonsri@bhatarapro.com%Line@%hr@neosuki.com%kpcon.hr@hotmail.co.th%info@iyarawanich.com%anong@udom.co.th%Waraporn_Sut@truecorp.co.th,Jutamad_Boo@truecorp.co.th%hr-sup@tshp.co.th,recruitment@tshp.co.th