navarat@nti.co.th%olay4917@gmail.com,olay4917@gmail.com%v77atmost@gmail.com%innovaluehr@gmail.com,innovaluehr@gmail.com%person@bigonegroup.com,person@bigonegroup.com%saythan.ma@prtr.com%hr@topica.asia%takejoke3@gmail.com%rotimataba@gmail.com%thailandsimply@gmail.com%suwannamk2014@gmail.com%recruitment@somapait.com,recruitment@somapait.com%worrawee.w@pttrm.com%Orawan.k@haier.co.th%tidshui@gmail.com%hr.ktcorporation@gmail.com%thameshr88@gmail.com,thames.sb2@gmail.com%hrm@suzukirama2.com,hrm@suzukirama2.com%hr.rutnin18@gmail.com,hr.rutnin18@gmail.com,jiranuwat.la@rutnin.com%bkkhr.th@jtbap.com%winich@insertcomm.com,winicha@gmail.com%thekess81@hotmail.com,lakehousenua@gmail.com%yuwadee.ce2@gmail.com,supannee.ce2@gmail.com,ce2advertising@gmail.com%vtnint@hotmail.com%noppadol_t@sbuyhome.com%ktcrecruit@ktc.co.th%hr@kpt-group.com,hrm@kpt-machinery.com%anpdirector01@gmail.com%annn.urio@gmail.com,chatlhp@hotmail.com%suchada.y@grandeasset.com%hrd@prospersof.com,hrd.prospersof.com@gmail.com%amoreitconsult@gmail.com%sanguantas.hr@gmail.com,av.group3030@gmail.com%hr@mixtchatuchak.com%personnel@rama3honda.com,kaitsuda@rama3honda.com,uraiwan.s@rama3honda.com%cmservicethailand@gmail.com,cmservicethailand@gmail.com%Thedivaofarts@gmail.com%origin.business.003@gmail.com%a%sansiri-cv@cvimport.cloud,ChutimaS@sansiri.com%hr@kaiserbiz.com%hr.recruitment@bonnyinter.com%HREST1933@gmail.com,hrest1933@gmail.com%decha.nakhonharn@lucite.com%hr_mitsu-nw@vgroupcars.com%hr@skrinter.com,hr@ks-groups.com%ruenpetch1968@gmail.com,somboon9@yahoo.com%hrkanom@gmail.com%hr@koosonline.com,natthapon.hrod@gmail.com%recruit@phc.co.th,pitchapa@phc.co.th,pitchapa@phc.co.th,recruit@phc.co.th%WARATTAYAK@VERASU.COM%hrm@chefmangroup.com,hr.recruit@chefmangroup.com%webmaster@dhakulchan.com%kiatkamol@mcorp.in.th,kiatkamol@mcorp.in.th%btanakorn@yahoo.fr%sirinapa.c@siamparkcity.com,tatcha.i@siamparkcity.com%personnel_bmpharmacy@hotmail.com%nachita@naturalplace.co.th,danutarawi14@gmail.com%panfun456@gmail.com%job@smeshipping.com%@,www.hr@nextathai.com%info@misushita-electric.com,hrscaner.1996@gmail.com%info@misushita-electric.com,hrscaner.1996@gmail.com%hr@cc-content.co.th%hr@app-bit.com%hr@energymobile.net%wecarecoat@hotmail.com%hr@kannithi.com%pinthong.hr@gmail.com,pmc.recruithr@gmail.com%pinthong.hr@gmail.com,pmc.recruithr@gmail.com%aukaratchawong.b@bis-group.com%Info-hr@goldstarmetal.com%panuwit.ch@prtr.com,Jobprtr@prtr.com%hr@speedcom.co.th%robust.si@hotmail.com,pakin@robustsolutions.co.th%hr@farmprotection.com,hrfarmprotection@gmail.com%jobs@codeorange.co.th%acc@polymer-master.com%acc1@siamfresh.com%likeorder.th@gmail.com%chommanat.cw@penagroup.com%chommanat.cw@penagroup.com%chalis.v.gg@gmail.com%hr.worldtractor@gmail.com,hr.worldtractor@gmail.com%leeeva198819@gmail.com%piya.t@minisothai.com,minisohr@minisothai.com%mediawecan@yahoo.com,pheerasak.B@mediawecan.com%a_nopparat39@hotmail.com%chanakarnl@filtervision-thai.com,thanapat@filtervision-thai.com,dowsiria@filtervision-thai.com%personnel@amena-air.com,sumitra@amena-air.com,marisa_bu@amena-air.com%hreatamare@gmail.com,recruiteatamare@gmail.com%hreatamare@gmail.com,recruiteatamare@gmail.com%hr_dept@pbl-thailand.com,hrpbl02@gmail.com%acharee@2-spot.com%bulin@waterlibrary.com,padcharee@waterlibrary.com%hrm.trc@gmail.com%jobs@clicknext.co.th%personal@fbtsports.com%navarat@nti.co.th%olay4917@gmail.com,olay4917@gmail.com%v77atmost@gmail.com%innovaluehr@gmail.com,innovaluehr@gmail.com%person@bigonegroup.com,person@bigonegroup.com%saythan.ma@prtr.com%hr@topica.asia%takejoke3@gmail.com%rotimataba@gmail.com%thailandsimply@gmail.com%suwannamk2014@gmail.com%recruitment@somapait.com,recruitment@somapait.com%worrawee.w@pttrm.com%Orawan.k@haier.co.th%tidshui@gmail.com%hr.ktcorporation@gmail.com%thameshr88@gmail.com,thames.sb2@gmail.com%hrm@suzukirama2.com,hrm@suzukirama2.com%hr.rutnin18@gmail.com,hr.rutnin18@gmail.com,jiranuwat.la@rutnin.com%bkkhr.th@jtbap.com%winich@insertcomm.com,winicha@gmail.com%thekess81@hotmail.com,lakehousenua@gmail.com%yuwadee.ce2@gmail.com,supannee.ce2@gmail.com,ce2advertising@gmail.com%vtnint@hotmail.com%noppadol_t@sbuyhome.com%ktcrecruit@ktc.co.th%hr@kpt-group.com,hrm@kpt-machinery.com%anpdirector01@gmail.com%annn.urio@gmail.com,chatlhp@hotmail.com%suchada.y@grandeasset.com%hrd@prospersof.com,hrd.prospersof.com@gmail.com%amoreitconsult@gmail.com%sanguantas.hr@gmail.com,av.group3030@gmail.com%hr@mixtchatuchak.com%HR@NEIGHBOR.CO.TH%usejack@hotmail.com,usejack@hotmail.com%dmpbkk2559@gmail.com%Recruitment-Retail@th.tesco.com,jedsada.pimsomdaeng@tesco.com%hr@km-chemical.co.th%hrmanager@dentajoy.com,recruit@dentajoy.com%hr@palawatr.co.th,asama@palawatr.co.th%jaisirimongkol@gmail.com%magnate@siamintm.com%paisitbig@hotmail.com,chocolatef@gmail.com%ad@cal-laboratory.com%:hrclinic.th@hotmail.com,hrclinic.th@hotmail.com%romchatyamlaor@gmail.com%visarn30300@gmail.com,wisarn30300@hotmail.com%hr.nutrition@nutritionprofess.com%hr@sfree.co.th%nopachat@yahoo.com%sagami_central_world@sagami.co.jp,bangkok@sagami.co.th,thonglo.sagami@gmail.com%hr.cts60@gmail.com%apichat.ford@hotmail.com%recruit.suninter@gmail.com%hr@centrichotel.com,hrm@centrichotel.com%@bdb0328q,@bdb0328q,@bdb0328q,hr_bvk@hotmail.com%kizventure@gmail.com%nutcha_che@hotmail.com,admin@bnctooling.com%nutcha_che@hotmail.com,admin@bnctooling.com%hr_dep@pongsilpplastic.com%jirachayajew@gmail.com%hr@toyotabuzz.com%hr@summitwindmillgolfclub.com%thanadon@thaitanyainterfood.com,recruit@thaitanya.com%sc@di-th.com,sm@di-th.com%puvanart.j@masterpiecehospital.com,hr.recruitment@masterpiecehospital.com,hr.benefits@masterpiecehospital.com%suksan.s@leongjin.co.th,porntip.c@leongjin.co.th%suksan.s@leongjin.co.th,porntip.c@leongjin.co.th%recruit@sti.co.th%surattana@personnelconsultant.co.th%hr@thaiace.co.th%to25advertising_hr@yahoo.com%duangjai.wut@krungdhepsophon.com,pranisara.pho@krungdhepsophon.com,sukanya.p@krungdhepsophon.com%recruit@1577.co.th,wasinl@mindedge.co.th%kunghr60@gmail.com,kaiko_t@hotmail.com%a%romchatyamlaor@gmail.com,romchatyamlaor@gmail.com%romchatyamlaor@gmail.com,romchatyamlaor@gmail.com%visarn30300@gmail.com,visarn30300@gmail.com,wisarn30300@hotmail.com%visarn30300@gmail.com,visarn30300@gmail.com,wisarn30300@hotmail.com%visarn30300@gmail.com,visarn30300@gmail.com,wisarn30300@hotmail.com%hr.nutrition@nutritionprofess.com,hr.nutrition@nutritionprofess.com%hr.nutrition@nutritionprofess.com,hr.nutrition@nutritionprofess.com%hr.nutrition@nutritionprofess.com,hr.nutrition@nutritionprofess.com%hr@sfree.co.th,hr@sfree.co.th%hr@sfree.co.th,hr@sfree.co.th%hr@sfree.co.th,hr@sfree.co.th%nopachat@yahoo.com,nopachat@yahoo.com%gview@hualian.co.th%thaipattern@gmail.com%erosclinic14@gmail.com%13520880619@163.com,csceczhang001@gmail.com%hr@flexiplan.co.th%yoonwanchai@gmail.com%hr-tmcabc@teleinfomedia.co.th,hr-tmcabc@teleinfomedia.co.th%hr@tsmgroup.co.th%phattrachit.n@benzprimus.com%ppg_co@yahoo.com%echoex10.hr@gmail.com,echoex10.hr@gmail.com%ranger@ranger1992.com%hr@d-conceit.com%bat789879@gmail.com,bat789879@gmail.com%jobs@goldfinemfg.com,jobs@goldfinemfg.com,admin_mgr@goldfinemfg.com%aaaaaaaaaa%Info@gohair.co.th,Info@gohair.co.th,hr.gohair@gmail.com%ait.sarojs@gmail.com%thaisiam.office@gmail.com%acc@12go.asia,tai@12go.asia%hr@sombattour.com%karunkron.t@gpautoparts.co.th,karunkron.t@gpautoparts.co.th%a%europa.personal@gmail.com%hr@wuerth.co.th,hr@wuerth.co.th%hradmin@kanokproduct.com%hr@wefitnesssociety.com%hr-recruit@MACeducation.com%hr@envisionthailand.com%luntom.ccp@gmail.com,siammeat@hotmail.com%luntom.ccp@gmail.com,siammeat@hotmail.com%info@kcplacebangkok.com%admin@rt-supply.com%unitygreatfood@gmail.com%kingwin_1999@hotmail.com%seksant@bhatarapro.com,viboonsri@bhatarapro.com%hr.ssrkids@gmail.com,hr.ssrkids@gmail.com%tippawan.inpacpharma@gmail.com%Line@,hr@neosuki.com%hr.webythebrain@gmail.com%hr.webythebrain@gmail.com%kpcon.hr@hotmail.co.th,hrm.kpcon@gmail.com%info@iyarawanich.com%anong@udom.co.th%Waraporn_Sut@truecorp.co.th,Jutamad_Boo@truecorp.co.th%hr-sup@tshp.co.th,recruitment@tshp.co.th%a%sansiri-cv@cvimport.cloud,ChutimaS@sansiri.com%hr@kaiserbiz.com%hr.recruitment@bonnyinter.com%HREST1933@gmail.com,hrest1933@gmail.com%decha.nakhonharn@lucite.com%hr_mitsu-nw@vgroupcars.com%hr@skrinter.com,hr@ks-groups.com%ruenpetch1968@gmail.com,somboon9@yahoo.com%hrkanom@gmail.com%hr@koosonline.com,natthapon.hrod@gmail.com%recruit@phc.co.th,pitchapa@phc.co.th,pitchapa@phc.co.th,recruit@phc.co.th%WARATTAYAK@VERASU.COM%hrm@chefmangroup.com,hr.recruit@chefmangroup.com%webmaster@dhakulchan.com%kiatkamol@mcorp.in.th,kiatkamol@mcorp.in.th%btanakorn@yahoo.fr%sirinapa.c@siamparkcity.com,tatcha.i@siamparkcity.com%personnel_bmpharmacy@hotmail.com%nachita@naturalplace.co.th,danutarawi14@gmail.com%panfun456@gmail.com%job@smeshipping.com%@,www.hr@nextathai.com%info@misushita-electric.com,hrscaner.1996@gmail.com%info@misushita-electric.com,hrscaner.1996@gmail.com%hr@cc-content.co.th%hr@app-bit.com%hr@energymobile.net%wecarecoat@hotmail.com%hr@kannithi.com%pinthong.hr@gmail.com,pmc.recruithr@gmail.com%pinthong.hr@gmail.com,pmc.recruithr@gmail.com%aukaratchawong.b@bis-group.com%Info-hr@goldstarmetal.com%panuwit.ch@prtr.com,Jobprtr@prtr.com%hr@speedcom.co.th%robust.si@hotmail.com,pakin@robustsolutions.co.th%hr@farmprotection.com,hrfarmprotection@gmail.com%jobs@codeorange.co.th%acc@polymer-master.com%acc1@siamfresh.com%likeorder.th@gmail.com%chommanat.cw@penagroup.com%chommanat.cw@penagroup.com%chalis.v.gg@gmail.com%hr.worldtractor@gmail.com,hr.worldtractor@gmail.com%leeeva198819@gmail.com%piya.t@minisothai.com,minisohr@minisothai.com%mediawecan@yahoo.com,pheerasak.B@mediawecan.com%a_nopparat39@hotmail.com%chanakarnl@filtervision-thai.com,thanapat@filtervision-thai.com,dowsiria@filtervision-thai.com%personnel@amena-air.com,sumitra@amena-air.com,marisa_bu@amena-air.com%hreatamare@gmail.com,recruiteatamare@gmail.com%hreatamare@gmail.com,recruiteatamare@gmail.com%hr_dept@pbl-thailand.com,hrpbl02@gmail.com%acharee@2-spot.com%bulin@waterlibrary.com,padcharee@waterlibrary.com%hrm.trc@gmail.com%jobs@clicknext.co.th%personal@fbtsports.com%0




